{"Theta0": 8499.599649933209, "Theta1": -0.02144896359170223, "ThetaNorm0": 0.9393189294497455, "ThetaNorm1": -1.0035757423970142}